Organisation,Office_location,Latitude,Longitude,Website,Example_project_location,Program_name,Topic,More_info,ImageURL
A Tree For You,"Penjarakan, Bali",-8.123214,114.576734,https://www.atreeforyou.org/en/bali-pejarakan-restoring-mangroves/,Bali,Pejarakan Mangrove Restoration,mangrove rehabilitation or restoration,https://www.atreeforyou.org/en/bali-pejarakan-restoring-mangroves/,https://kiprahagroforestri.id/wp-content/uploads/2025/11/ATFYOU.png
Alam Lestari Indonesia,"Perumahan Pesona Bandara Regency, Cluster Bougenville, No 45. Desa Kurusumange, Kecamatan Tanralili, Kabupaten Maros, Sulawesi Selatan – Indonesia.",-5.094162733,119.5776029,https://www.alamlestari.org/?page_id=216,Bone,Mangrove Adoption,mangrove rehabilitation or restoration,https://www.alamlestari.org/?page_id=216,https://kiprahagroforestri.id/wp-content/uploads/2025/11/ALAMLESTARI.png
Blue Forest (Yayasan Hutan Biru),"Jl. Pengayoman Komplek Mawar Blok A No. 17-18 Panakukkang, Makassar, Indonesia",-5.171294832,119.457507,https://blue-forests.org/id/,"Indragiri Hilir;
Kubu Raya;
Takalar;
Muna;
Muna Barat;
Demak;
Sumatera Selatan","Integrated Adaptive Collaborative Mangrove Management Program; Protecting Mangroves, Strengthening KKD Indragiri Hilir; Ramadhan Blessings through Improve Livelihood Program; Mangrove restoration with an ecological mangrove rehabilitation approach; Integrated Adaptive Collaborative Mangrove Management Program; World Mangrove Day 2024; From Sunken Gardens, New Hope Grows: Lessons from Mangrove Rehabilitation in Indragiri Hilir; Study of Mangrove Rehabilitation with Restoration Opportunity Assessment Method (ROAM)","institutional strengthening and human resource capacity building;
mangrove rehabilitation or restoration;
research","https://kolomrakyat.com/yayasan-hutan-biru-perkuat-pengelolaan-mangrove-kolaboratif-di-muna-dan-muna-barat/;
https://blue-forests.org/id/menjaga-mangrove-menguatkan-kkd-indragiri-hilir/ruang-berita/cerita-dari-lapangan/;
https://blue-forests.org/id/berkah-ramadhan-melalui-improve-livelihood-program/ruang-berita/cerita-dari-lapangan/;
https://unhas.tv/blue-forest-di-tanakeke-menjaga-laut-menyelamatkan-darat/1;
https://kolomrakyat.com/yayasan-hutan-biru-perkuat-pengelolaan-mangrove-kolaboratif-di-muna-dan-muna-barat/;
https://sultrakini.com/yhb-peringati-hari-mangrove-sedunia-penanaman-mangrove-di-desa-kombikuno/;
https://blue-forests.org/id/dari-kebun-tenggelam-tumbuh-harapan-baru-pembelajaran-rehabilitasi-mangrove-dari-indragiri-hilir/ruang-berita/cerita-dari-lapangan/;
https://www.ykan.or.id/id/publikasi/artikel/perspektif/hutan-mangrove-penyimpan-karbon-terbaik/;
https://blog.blueventures.org/en/coming-together-to-protect-the-mangroves-of-sembilang-western-indonesias-largest-blue-forest/",https://kiprahagroforestri.id/wp-content/uploads/2025/11/Blueforest.png
CIFOR-ICRAF,"Jalan CIFOR Situ Gede, Bogor Barat Bogor 16115",-6.552078624,106.7529008,https://www.cifor-icraf.org/,"Jawa Tengah; 
Bangka Belitung;
Sulawesi Utara; 
Bali; 
Jakarta; 
Papua Barat;
Kalimantan Barat; 
Sumatera Utara; 
Banyuwangi;
Banyuasin; 
Kalimantan Tengah; 
Banten; 
Demak; 
Riau","Solutions for Integrated Land and Seascape Management in Indonesia (SOLUSI); 
Mangrove carbon sequestration, storage dynamics and ecosystem services in Asia and the Pacific; 
Advancing Demonstration in Mangrove-based Adaptation to Foster Stakeholder Participation in Climate Change Agenda (ADAPT); 
Research on the Coupling Process and Driving Mechanisms of Biodiversity and Blue Carbon Function in Mangrove Ecosystems; 
Local Capacities for Equitable Blue Carbon Finance (E-Blue); 
Mitigation and Adaptation Through Sustainable Livelihood in Indonesia's Peat and Mangrove Ecosystem (IKI PME); 
Mainstreaming Wetlands into the Climate Agenda: A multi-level approach (SWAMP-II);
 Mangrove Restoration in Banyuasin Regency, South Sumatra; Evaluation of biodiversity and carbon sink capacity in mangrove forests; 
Restoring Coastal Landscape for Adaptation Integrated Mitigation (ReCLAIM); Sungsang Mangrove Restoration and Ecotourism (SMART)","research; education; mangrove rehabilitation or restoration; 
institutional strengthening and human resource capacity building; advocacy","https://www.cifor-icraf.org/project/solusi/; 
https://www.cifor-icraf.org/project/40e15394c888424f21b908da948ede54/mangrove-carbon-sequestration-storage-dynamics-and-ecosystem-services-in-asia-and-the-pacific/;
https://www.cifor-icraf.org/project/f118af15ea4746bbd41908dd136c2045/; https://www.cifor-icraf.org/project/023fcb775e3e4b99be3008dd8157c99b/;
https://www.cifor-icraf.org/project/e-blue/; 
https://www.international-climate-initiative.com/en/project/mitigation-and-adaptation-through-conservation-and-sustainable-livelihoods-in-indonesias-peat-and-mangrove-ecosystems-19-iii-105-idn-a-peat-and-mangrove-ecosystems/; 
https://www.cifor-icraf.org/swamp/; 
https://www.cifor-icraf.org/community-business-mangrove/; https://www.cifor-icraf.org/project/8a7329f1dbd244d67f2508dc378cc914/; https://www.cifor-icraf.org/project/dc927bf447024492a201f3ddf2712df8/;
https://www.cifor-icraf.org/blue-carbon-tpp/sungsang-mangrove-restoration-and-ecotourism-smart/",https://kiprahagroforestri.id/wp-content/uploads/2025/11/cifor_icraf.jpg
Coral Triangle Center,"Jl. Bet Ngandang II No.88-89, Sanur, Denpasar Selatan, Kota Denpasar, Bali 80228",-8.702859522,115.2591547,https://www.coraltrianglecenter.org/,Bali,Help Restore Nusa Penida MPA’s Mangrove Forest and Help Mitigate Climate Change,mangrove rehabilitation or restoration,https://www.coraltrianglecenter.org/adopt-a-mangrove/,https://kiprahagroforestri.id/wp-content/uploads/2025/11/cti.png
Ecoton Foundation,"Desa Wringinanom, RT.01 RW.05, Kecamatan Wringinanom, Kabupaten Gresik, Jawa Timur 61176, Indonesia",-7.400375543,112.5283757,https://ecoton.or.id/,Surabaya,Mangrove rescue action from plastic waste entanglement and brand audit in Wonorejo mangrove coastal area,coastal waste management,https://ecoton.or.id/lindungi-mangrove-dari-jeratan-sampah-plastik-pantai-timur-surabaya-butuh-pagar-laut/,https://kiprahagroforestri.id/wp-content/uploads/2025/11/ecoton.png
Forkani,"Ambeua Raya, Kaledupa, Wakatobi Regency, South East Sulawesi 93792",-5.502563176,123.7531767,https://forkani.org/,Wakatobi,Mangrove restoration program,"mangrove rehabilitation or restoration; 
institutional strengthening and human resource capacity building; advocacy",https://forkani.org/harmoni-alam-dan-upaya-rehabilitasi-mangrove-di-desa-sombano-kadie-la-olua/;,https://kiprahagroforestri.id/wp-content/uploads/2025/11/Forkani.png
Gemawan,"Jl. Ujung Pandang No.89, Sungai Jawi, Kec. Pontianak Kota, Kota Pontianak, Kalimantan Barat 78118",-0.035490593,109.2952793,https://gemawan.org/?s=mangrove,Mempawah,SIGAP Coastal Action Program; Research on changes in mangrove area and density in Mempawah during 2018-2024,mangrove rehabilitation or restoration; research; advocacy,"https://gemawan.org/borneo-mangrove-action-bakau-kecil-untuk-sabuk-hijau-borneo/;
https://gemawan.org/mangrove-mempawah-dinamika-luasan-benteng-pesisir-borneo/",https://kiprahagroforestri.id/wp-content/uploads/2025/11/GEMAWAN.png
Global Green Growth Institute (GGGI),"Jl. Taman Patra Raya No. 10, RT 5/RW 4, Kuningan Timur, Kecamatan Setiabudi, Jakarta Selatan 12950, Indonesia",-6.236940091,106.8343219,https://gggi.org/?s=mangrove,Kutai Kartanegara,"The Ecosystem-based Approach/Nature-Based Solutions for Climate Smart Livelihoods in Mangrove Landscapes (NASCLIM), Indonesia (GGGI and Wetland Indonesia)",mangrove rehabilitation or restoration; advocacy,https://indonesia.wetlands.org/id/blog/the-ecosystem-based-approach-nature-based-solutions-for-climate-smart-livelihoods-in-mangrove-landscapes-nasclim-indonesianasclim/,https://kiprahagroforestri.id/wp-content/uploads/2025/11/gggi.png
Green Molucccas (Yayasan Kamboti),"BTN Passo Indah Blok BII No 22, Teluk Ambon Baguala",-3.63470824,128.2427823,https://greenmoluccas.id/,Ambon,Mangrove Adoption,mangrove rehabilitation or restoration,https://greenmoluccas.id/mangroove-adoption/,https://kiprahagroforestri.id/wp-content/uploads/2025/11/green_moluccas.jpg
Japesda,"Jl. Jkt No.1 Blok B, Huangobotu, Kec. Dungingi, Kota Gorontalo, Gorontalo 96138",0.562381053,123.0424285,https://japesda.or.id/,Gorontalo,Restoring Forests in Gorontalo,"mangrove rehabilitation or restoration; 
institutional strengthening and human resource capacity building; advocacy",https://blog.blueventures.org/en/nurain-lapolo-women-are-on-the-frontlines-of-this-fight-on-climate-breakdown/,https://kiprahagroforestri.id/wp-content/uploads/2025/11/japesda.jpg
KKI - Warsi,"Jl. Inu Kertapati No.12, Pematang Sulur, Kec. Telanaipura, Kota Jambi, Jambi 36361",-1.604963454,103.5744023,https://warsi.or.id/,"Bengkulu Utara;
Kota Bengkulu;
Mukomuko;
Seluma;
Tanjung Jabung Barat;
Jambi",Multi-stakeholder collaboration activities for mangrove ecosystem rehabilitation; Satellite image analysis to monitor changes in the extent and condition of mangrove forests in Jambi,mangrove rehabilitation or restoration; research,"https://warsi.or.id/id/kolaborasi-multipihak-untuk-aksi-rehabilitasi-ekosistem-mangrove-di-provinsi-bengkulu/;
https://warsi.or.id/id/kth-bakau-lestari-petik-rupiah-dari-menanam-mangrove/;
https://warsi.or.id/id/menumbuhkan-hutan-memulihkan-ekologi/",https://kiprahagroforestri.id/wp-content/uploads/2025/11/kki_warsi.png
Konservasi Indonesia,"Gedung Graha Inti Fauzi Lt. 9
Jl. Buncit Raya No.22
Pasar Minggu, Jakarta Selatan,
Indonesia, 1251",-6.275774679,106.8295285,https://konservasi-id.org/,"Fakfak;
Nias Utara;
Banyuwangi;
Donggala",Mangrove Ecotourism Book Andamata Outlines Role of Indigenous Communities in Maintaining the Blue Economy; Sustainable Marine Area Management Program; Climate Smart Shrimp Aquaculture (CSSA); Study on improving coastal community economies and identifying innovative funding mechanisms,"mangrove ecotourism;
mangrove rehabilitation or restoration;
sustainable aquaculture;
research; advocacy","https://konservasi-id.org/buku-ekowisata-mangrove-andamata-ulas-peran-masyarakat-adat-fakfak-jaga-ekonomi-biru/;
https://sumut.idntimes.com/news/sumatera-utara/ki-tanam-103-ribu-bibit-demi-pemulihan-ekosistem-mangrove-sawo-lahewa-00-hz1ln-9rtwr2;
https://konservasi-id.org/pemerintah-provinsi-sumatra-utara-siap-kembangkan-kawasan-konservasi-perairan-bersama-konservasi-indonesia/;
https://konservasi-id.org/budi-daya-udang-berkelanjutan-lebih-dari-sekadar-teknologi-pengolahan-limbah/;
https://konservasi-id.org/panen-perdana-tambak-udang-ramah-iklim-pertama-di-asia-capai-lebih-dari-50-ton/",https://kiprahagroforestri.id/wp-content/uploads/2025/11/KI.png
Moluccas Coastal Care (MCC),"JL. Ot. Pattimaipauw Talake
Wainitu, Nusaniwe, Kota Ambon",-3.703846,128.171303,https://moluccascoastalcare.com/,Banda Neira,Kalesang School (Katong Preserve the Village),education,"https://moluccascoastalcare.com/project/;
https://www.goodnewsfromindonesia.id/2025/09/20/stefani-teria-salhuteru-dan-moluccas-coastal-care-jaga-pesisir-maluku",https://kiprahagroforestri.id/wp-content/uploads/2025/11/MCC.png
NABU (The Nature And Biodiversity Conservation Union),"Pohuwato, Gorontalo",0.538615,121.573463,https://en.nabu.de/topics/ecosystems/mangrove-conservation-sulawesi/index.html,Pohuwato,Sustainable Development and Mangrove Conservation in Tomini Bay,mangrove rehabilitation or restoration,https://en.nabu.de/topics/ecosystems/mangrove-conservation-sulawesi/index.html,https://kiprahagroforestri.id/wp-content/uploads/2025/11/NABU.png
Planet Indonesia,"Parit Tokaya, South Pontianak, Pontianak, West Kalimantan",-0.059623106,109.3386628,https://www.planetindonesia.org/,Kubu Raya,Restoring Forests in Kubu Raya,mangrove rehabilitation or restoration,https://www.planetindonesia.org/news/2023/8/7/how-planet-indonesia-is-protecting-nature-restoring-forests-and-improving-lives,https://kiprahagroforestri.id/wp-content/uploads/2025/11/Planet_Inonesia.png
Planete Urgence,"Jalan PM Noor, Pondok Surya Indah Blok CG No 2, Samarinda",-0.46296448,117.1670754,https://planete-urgence.org/en/our-national-delegations/indonesia/,"Pandeglang;
Kutai Kartanegara",MERCI Project – Indonesia; MAHAKAM Project – Indonesia,mangrove rehabilitation or restoration; advocacy,"https://planete-urgence.org/id/ekosistem-mangrove-dan-konservasi-badak-jawa/
https://planete-urgence.org/id/reforestasi-hutan-mangrove-dan-pembangunan-lokal/",https://kiprahagroforestri.id/wp-content/uploads/2025/11/planeteUrgence.png
Reforest'Action,Aceh and North Sumatera,4.014029178,98.38772149,https://www.reforestaction.com/en/magazine/aceh-sumatra-local-communities-restoring-mangrove,Aceh and North Sumatera,"Sustainable mangrove ecotourism development involving 89 local communities; 376,622 mangrove seedlings planted across 132.69 hectares in 16 villages, including Abeuk Geulanteu Village","mangrove ecotourism; advocacy;
mangrove rehabilitation or restoration",https://www.reforestaction.com/en/magazine/aceh-sumatra-local-communities-restoring-mangrove,https://kiprahagroforestri.id/wp-content/uploads/2025/11/REFOREST.jpg
Rekam Nusantara Foundation,"Jl. Sempur No.35, Sempur, Kecamatan Bogor Tengah, Kota Bogor, Jawa Barat 16129",-6.588568744,106.7981055,https://rekam.org/en/home,"Nusa Tenggara Barat;
Jawa Barat;
Banten
Demak;
Cilacap;
Jepara","Restoring mangrove and seagrass ecosystems to safeguard Indonesia’s coastlines; Collaboration between BRIN and Nusantara Nature Footprint Foundation in research, development, innovation, and mentoring for sustainable mangrove ecosystem rehabilitation and management","institutional strengthening and human resource capacity building; 
mangrove rehabilitation or restoration;
research","https://www.bluenaturalcapital.org/stories/mangrove-seagrass-restoration-central-java-west-nusa-tenggara-indonesia;
https://perikanan.org/id/kegiatan/dukung-tata-kelola-ekosistem-pesisir-frci-menyelenggarakan-pelatihan-google-earth-engine-di-ntb/show;
https://www.bluenaturalcapital.org/stories/mangrove-seagrass-restoration-central-java-west-nusa-tenggara-indonesia;
https://www.rmoljawatengah.id/15000-bibit-mangrove-di-tanam-di-pesisir-utara-onggojoyo-wedung;
https://www.brin.go.id/news/124416/brin-yayasan-rekam-jejak-alam-nusantara-perkuat-riset-konservasi-dan-rehabilitasi-mangrove",https://kiprahagroforestri.id/wp-content/uploads/2025/11/LOGO_REKAM_NUSANTARA.png
Seacrest Indonesia (SCI),"Jl. Taman Puri II No.16 Blok B1, Padangsari, Kec. Banyumanik, Kota Semarang, Jawa Tengah 50267, Indonesia",-7.075594293,110.4272032,https://seacrestindonesia.org/,Sabu Raijua,Global Environment Facility – Small Grants Programme (GEF-SGP) from the United Nations Development Programme (UNDP),mangrove rehabilitation or restoration,https://kupang.tribunnews.com/2024/12/05/seacrest-indonesia-dorong-pemerintah-desa-di-raijua-berperan-dalam-penjagaan-ekosistem-mangrove,https://kiprahagroforestri.id/wp-content/uploads/2025/11/Seacrest.png
Sungai Watch,"Jl. Prof. Dr. Ida Bagus Mantra No.99, Ketewel, Kec. Sukawati, Kabupaten Gianyar, Bali",-8.627853865,115.2814759,https://sungai.watch/,Bali,"International Mangrove Day, PLN IP UBP Bali holds a Cleanup Action",coastal waste management,https://lintasbali.com/international-mangrove-day-pln-ip-ubp-bali-gelar-aksi-bersih-mangrove-bersama-sungai-watch/,https://kiprahagroforestri.id/wp-content/uploads/2025/11/Sungai_Watch.png
Wahana Visi Indonesia,"16, Jl. K.H. Wahid Hasyim No.33, RT.16/RW.6, Kb. Sirih, Kec. Menteng, Kota Jakarta Pusat, Daerah Khusus Ibukota Jakarta 10340",-6.185980673,106.8304954,https://wahanavisi.org/id/search/submit_search?find=mangrove,"Surabaya;
Lombok",Mangrove Adaptive and Resilient Village for Enhanced Livelihoods (MARVEL); WVI-UGM Collaborative Research in the initial data collection for the MARVEL Program,coastal waste management; mangrove rehabilitation or restoration; research,"https://wahanavisi.org/id/search/submit_search?find=mangrove;
https://wahanavisi.org/userfiles/post/24112267403BA639AB8_LGID.pdf",https://kiprahagroforestri.id/wp-content/uploads/2025/11/wahanavisi.png
WALHI,"Jl. Tegal Parang Utara No.14 5, RT.5/RW.4, Mampang Prpt., Kec. Mampang Prpt., Kota Jakarta Selatan, Daerah Khusus Ibukota Jakarta 12790, Indonesia",-6.242587519,106.832277,https://www.walhi.or.id/,"Bantul;
Bandar Lampung","Planting 100 mangrove seedlings; Planting 1,000 mangrove seedlings; Policy Study entitled Policy Paper on Protection and Management of Mangrove Ecosystems in Indonesia",mangrove rehabilitation or restoration; research; advocacy,"https://walhijogja.or.id/wahana-lingkungan-hidup-indonesia-yogyakarta-bersama-sejumlah-elemen-melakukan-Penanaman-mangrove-di-pantai-baros/;
https://www.rmollampung.id/walhi-dan-mahusa-unila-tambah-1000-pohon-mangrove-di-pesisir-bandar-lampung;
https://www.walhi.or.id/kertas-posisi-perlindungan-dan-pengelolaan-ekosistem-mangrove-di-indonesia",https://kiprahagroforestri.id/wp-content/uploads/2025/11/WALHI.png
Waste4Change,"Kantor Waste4Change Vida Bumipala, Jl. Alun Alun Utara, RT.002/RW.001, Padurenan, Mustika Jaya, Bekasi, West Java 17156",-6.316783302,107.001045,https://waste4change.com/,Surabaya,"WINGS Peduli Foundation carries out Wonorejo River Cleanup with Waste4Change; Bank Mandiri involves 1,350 participants in Mandiri Cleanup Nationwide",coastal waste management,"https://marketing.co.id/yayasan-wings-peduli-laksanakan-aksi-bersih-sungai-wonorejo-bersama-waste4change/;
https://www.idntimes.com/news/indonesia/aksi-bersih-mandiri-02-hs754-w1hckl",https://kiprahagroforestri.id/wp-content/uploads/2025/11/w4change.png
Wetlands International Indonesia,"Jl. Bango No.11, RT.06/RW.04, Tanah Sareal, Kec. Tanah Sereal, Kota Bogor, Jawa Barat 16161, Indonesia",-6.570296935,106.8030231,http://indonesia.wetlands.org/,Kutai Kartanegara,"The Ecosystem-based Approach/Nature-Based Solutions for Climate Smart Livelihoods in Mangrove Landscapes (NASCLIM), Indonesia (GGGI and Wetland Indonesia); Publication of Mangrove Introduction Guide in Indonesia",mangrove rehabilitation or restoration; research; advocacy,"https://indonesia.wetlands.org/id/blog/the-ecosystem-based-approach-nature-based-solutions-for-climate-smart-livelihoods-in-mangrove-landscapes-nasclim-indonesianasclim/;
https://indonesia.wetlands.org/id/publikasi/panduan-pengenalan-mangrove-di-indonesia/",https://kiprahagroforestri.id/wp-content/uploads/2025/11/Wetlands.jpg
WRI Indonesia,"Gedung Wisma PMI, Jl. Wijaya I No.63 8, RT.8/RW.1, Petogogan, Kec. Kby. Baru, Kota Jakarta Selatan, Daerah Khusus Ibukota Jakarta 12170",-6.244920265,106.8083016,https://wri-indonesia.org/id,"Semarang;
Cirebon;
Kota Ambon;
Banyuwangi","Mangrove Tag;
Bootcamp ‘Youth Contributors to Forest Development Data Vol. 2: Terrestrial and Mangrove';
AQUADAPT (Climate Smart Shrimp/CSS);

","sustainable aquaculture; mangrove rehabilitation or restoration; advocacy;
institutional strengthening and human resource capacity building;  education","https://mangrovetag.com/2023/11/01/hapus-jejak-emisi-karbon-di-bumi-mangrove-tag-lakukan-pendampingan-penanaman-dan-pemantauan-20-000-bibit-mangrove-kepada-wri-indonesia-di-smc-jateng/;
https://wri-indonesia.org/id/berita/mendukung-upaya-pengelolaan-kelautan-di-indonesia-icctf-bappenas-didukung-oleh-afd-dan-wri;
https://wri-indonesia.org/en/events/2025/1/bootcamp-pemuda-kontributor-data-pembangunan-hutan-vol-2-terestrial-dan-mangrove;
https://wri-indonesia.org/en/insights/understanding-spatial-planning-protect-mangrove-ecosystems",https://kiprahagroforestri.id/wp-content/uploads/2025/11/WRI_Indonesia.png
Yayasan Aceh Ocean Coral,"Jl. Geuce Menara VIII, Lr. Cempaka, No. 2. Banda Aceh, Indonesia",5.550513959,95.34968728,https://acehoceancoral.org/,Bireun,Greening program and efforts to prevent coastal abrasion,mangrove rehabilitation or restoration,https://aceh.tribunnews.com/2025/06/29/12-ribu-bibit-mangrove-ditanam-di-saluran-tambak-jangka-alue-u-bireuen-lanjutan-dari-kuala-jeumpa,https://kiprahagroforestri.id/wp-content/uploads/2025/11/AOC.png
Yayasan Bakau Manfaat Universal (BakauMU),"Jl. Buncit Raya No.Kav. 99, Pejaten Bar., Ps. Minggu, Kota Jakarta Selatan, Daerah Khusus Ibukota Jakarta 12510",-6.277863282,106.8296341,https://www.bakaumu.org/,Bali,Financial Industry Environment Program,mangrove rehabilitation or restoration,https://bakaumu.org/projects/detail/SERkdzAzMzMvVUdFelJiZjlxQUdxQT09,https://kiprahagroforestri.id/wp-content/uploads/2025/11/bakaumu.png
Yayasan Konservasi Laut Indonesia (YBLI),"PERUMAHAN BUMI PESONA PELANGI, Jl. Kuning Jl. Minasa Upa No.15, Gn. Sari, Kec. Rappocini, Kota Makassar, Sulawesi Selatan 90221",-5.18355202,119.4614849,https://yklindonesia.org/,Makassar,Learning Together Mangrove Rehabilitation; Restore the Lantebung Mangroves,mangrove rehabilitation or restoration,https://yklindonesia.org/?s=MANGROVE;,https://yklindonesia.org/wp-content/uploads/2020/10/LOGO-YKL-INDONESIA_PNG_web.png
Yayasan CARE Peduli (CARE Indonesia),"Jl. Taman Margasatwa Raya No.26 Blok D, RT.5/RW.1, Ragunan, Ps. Minggu, Kota Jakarta Selatan, Daerah Khusus Ibukota Jakarta 12550",-6.290500937,106.8228744,https://careindonesia.or.id/en/?s=mangrove,Minahasa Utara,Women’s empowerment and mangrove restoration program for coastal communities,mangrove rehabilitation or restoration,https://careindonesia.or.id/id/dinas-kelautan-dan-perikanan-provinsi-sulawesi-utara-dukung-care-indonesia-dan-yayasan-bumi-tangguh-untuk-pemberdayaan-perempuan-dan-perlindungan-ekosistem-mangrove-di-3-desa/,https://kiprahagroforestri.id/wp-content/uploads/2025/11/Care_Indonesia.png
Yayasan Ecology Kepulauan Riau (YEKR),"Jl. Basuki Rahmat No.09, Tj. Ayun Sakti, Kec. Bukit Bestari, Kota Tanjung Pinang, Kepulauan Riau 29113",0.908116814,104.4617106,https://www.ecology.or.id/,Bintan,"Action of Planting 50,000 Mangrove Seedlings in Berakit, Bintan",mangrove rehabilitation or restoration,https://konsepnews.com/2025/05/03/lanal-bintan-dan-yayasan-ecology-kepulauan-riau-lakukan-Penanaman-50-000-pohon-mangrove/,https://kiprahagroforestri.id/wp-content/uploads/2025/11/YER.png
Yayasan EcoNusa,"Jl. Kaliele, Malaingkedi, Kec. Sorong Utara, Kota Sorong, Papua Barat Daya 98412",-0.88732341,131.2929129,https://econusa.id/en/,Jakarta; Papua,Mangrove Badge Challenge; Mangrove Expedition,education; advocacy; research,"https://econusa.id/id/ecoblog/mangrove-badge-upaya-mempercepat-pelestarian-mangrove/;
https://econusa.id/en/publication/mangrove-expedition-report/",https://kiprahagroforestri.id/wp-content/uploads/2025/11/econusa.jpg
Yayasan Gambut,"Jl. Gulama No.8, RT.01/RW.09, Tengkerang Bar., Kec. Marpoyan Damai, Kota Pekanbaru, Riau 28282",0.498253426,101.4263265,https://yayasangambut.org/,Bengkalis,Community-Based Mangrove Conservation Program,mangrove rehabilitation or restoration,"https://yayasangambut.org/yayasan-gambut-gec-dan-masyarakat-lokal-bekerjasama-dengan-aramco-untuk-mengatasi-erosi-pantai-di-provinsi-riau-indonesia/;
https://yayasangambut.org/pendekatan-kolaboratif-dalam-pemberdayaan-masyarakat-dan-konservasi-kawasan-pesisir-di-kabupaten-bengkalis/",https://kiprahagroforestri.id/wp-content/uploads/2025/11/yayasan_gambut.jpg
Yayasan Geutanyo,"Gang Haji Hasan Jl. Syech Ibrahim, Beurawe, Kec. Kuta Alam, Kota Banda Aceh, Aceh 24415",5.558612675,95.33119505,https://www.geutanyoe.id/,Aceh Timur,"Geutanyoe Foundation Plants 25,000 Mangrove Stakes in East Aceh",mangrove rehabilitation or restoration,https://gentalamedia.com/2024/10/30/yayasan-geutanyoe-tanam-25-000-batang-mangrove-di-aceh-timur/,https://kiprahagroforestri.id/wp-content/uploads/2025/11/geuntayo.png
Yayasan Jaringan Peduli Masyarakat (JPM),"Jalan TDM V RT 004/RW 001, Kelurahan Oebufu, Kecamatan Oebobo, Kota Kupang, Nusa Tenggara Timur, Indonesia",-10.17170871,123.6291547,https://yayasanjpm.com/,Kupang,Mangrove Ecosystem Recovery and Entrepreneurship Capacity Enhancement for Coastal Residents of Tanah Merah and Menipo,"institutional strengthening and human resource capacity building; 
mangrove rehabilitation or restoration",https://yayasanjpm.com/program-pemulihan-ekosistem-manggrove-pln-uiw-ntt,https://kiprahagroforestri.id/wp-content/uploads/2025/11/JPM.png
Yayasan KEHATI,"Jl. Benda Alam I No.73, RT.6/RW.4, Cilandak Tim., Ps. Minggu, Kota Jakarta Selatan, Daerah Khusus Ibukota Jakarta 12560",-6.277609522,106.813956,https://kehati.or.id/,"Brebes;
Kota Makassar;
Donggala;
Parigi Moutong;
Banten",Mangrove restoration and ecotourism program; Mangrove species enrichment program through seedling and planting activities; Marine Ecosystem Program - Development of a Mangrove Ecosystem Rehabilitation Learning Center; SOLUSI Project; Mangrove Carbon Research in Brebes (KEHATI in collaboration with IKAMaT); Mangrove Ecosystem Management Program in Coastal and Marine Areas of Banten Province,"mangrove ecotourism;
mangrove rehabilitation or restoration;
research","https://kehati.or.id/app/uploads/2025/01/AR-KEHATI-2023-INDONESIA-HIGHRES.pdf;
https://kehati.or.id/app/uploads/2025/01/AR-KEHATI-2023-INDONESIA-HIGHRES.pdf;
https://kehati.or.id/kawasan-wisata-lantebung-menjadi-pusat-pembelajaran-rehabilitasi-ekosistem-mangrove/;
https://mongabay.co.id/2025/08/05/warga-donggala-rehabilitasi-hutan-mangrove-teluk-palu/;
https://kontekssulawesi.id/2025/07/27/aswini-dimple-buka-aksi-Penanaman-2-000-bibit-mangrove-di-oncone-raya/;
https://ikamat.org/2020/12/19/ikamat-kerjakan-proyek-riset-karbon-mangrove-di-brebes/;
https://www.antaranews.com/berita/2819201/yayasan-kehati-kembangkan-program-konservasi-mangrove-di-banten",https://kiprahagroforestri.id/wp-content/uploads/2025/11/KEHATI.jpg
Yayasan Konservasi Alam Nusantara (YKAN),"Graha Iskandarsyah, Jl. Iskandarsyah Raya No.66C Lt. 3, RT.3/RW.1, Melawai, Kec. Kby. Baru, Kota Jakarta Selatan, Daerah Khusus Ibukota Jakarta 12160",-6.24364189,106.8036339,https://www.ykan.or.id/id/,"Ogan Komering Ilir; 
Berau; 
Bengkalis;
Sumatera Selatan;
Belitung Timur;
Belitung",MERA Program (Mangrove Ecosystem Restoration Alliance); Training in management and strengthening of mangrove area database systems; Solutions for Marine and Coastal Resilience in the Coral Triangle (SOMACORE) Program; Program to Improve Local Community Livelihoods through Coastal Ecosystem Protection in Bangka Belitung Islands; International Day for Mangrove Ecosystem Commemoration; Natural Climate Solutions Program,"education; 
institutional strengthening and human resource capacity building;
mangrove rehabilitation or restoration; 
strengthening regulations; 
sustainable aquaculture;
research; advocacy","https://www.ykan.or.id/id/publikasi/artikel/perspektif/kurikulum-merdeka-sebagai-sarana-edukasi-ekosistem-mangrove/;
https://www.ykan.or.id/id/publikasi/artikel/siaran-pers/pelatihan-teknis-perlindungan-dan-perbaikan-ekosistem-mangrove/;
https://www.ykan.or.id/id/publikasi/artikel/siaran-pers/perkuat-usaha-perempuan-dan-konservasi-laut/;
https://www.ykan.or.id/id/publikasi/artikel/siaran-pers/turunkan-laju-kerusakan-mangrove-desa-teluk-pambang-bengkalis/;
https://www.ykan.or.id/id/publikasi/artikel/siaran-pers/pemulihan-ekosistem-mangrove-di-provinsi-sumatera-selatan/;
https://tahija.or.id/environment/community-based-mangrove-protection-and-restoration-program;
https://www.ykan.or.id/id/publikasi/artikel/siaran-pers/hari-mangrove-sedunia-dari-kampung-teluk-semanting/;
https://prokopim.bengkaliskab.go.id/web/detailberita/12877/melalui-program-mera-dua-desa-di-pulau-bengkalis-terpilih-program-pemulihan-ekosistem-mangrove;
https://www.ykan.or.id/id/publikasi/artikel/siaran-pers/turunkan-laju-kerusakan-mangrove-desa-teluk-pambang-bengkalis/;
https://www.ykan.or.id/id/publikasi/artikel/siaran-pers/pemulihan-ekosistem-mangrove-di-provinsi-sumatera-selatan/;
https://telusuri.id/restorasi-mangrove-di-ogan-komering-ilir/;
https://www.ykan.or.id/id/publikasi/artikel/perspektif/restorasi-kerusakan-mangrove/",https://kiprahagroforestri.id/wp-content/uploads/2025/11/YKAN.png
Yayasan Konservasi Pesisir Indonesia (Yakopi),"Jl. Suka Dharma No.3, Suka Maju, Kec. Medan Johor, Kota Medan, Sumatera Utara 20217",3.548735572,98.69272082,https://www.yakopi.org/,"Aceh Singkil;
Simeulue;
Batubara;
Simeulue","YAKOPI and Aceh Singkil Government Partner for Coastal Ecosystem Restoration; Planting mangroves on an area of 19.19 hectares; Batu Bara Ready to Become the World’s Lungs, Mangrove Culture Festival 2025 Rocks Sejarah Beach; Assistance in drafting Village Regulation No. 04 of 2023 on mangrove protection in Blang Sebel Village","mangrove rehabilitation or restoration;
strengthening regulations; advocacy","https://www.yakopi.org/yakopi-and-aceh-singkil-government-partner-for-coastal-ecosystem-restoration/;
https://aceh.wartapolri.com/2023/09/24/yakopi-gelar-konsultasi-publik-mengenai-teknis-restorasi-mangrove/;
https://www.researchgate.net/publication/385715119_Community_Participation_in_Mangrove_Conservation_the_Evidence_from_Blang_Sebel_Simeulue;
https://batubarapos.com/batubara/batu-bara-siap-jadi-paru-paru-dunia-mangrove-culture-festival-2025-guncang-pantai-sejarah/",https://kiprahagroforestri.id/wp-content/uploads/2025/11/yakopi.jpeg
Yayasan Mangrove Indonesia Lestari,"Jl. Boulevard No. 1 Kelapa Gading Jakarta
The Kensington Office Tower,
Jakarta Utara, Jakarta Utara 12420",-6.172526,106.897024,https://mangrovejakarta.id/,Tangerang,Multi-stakeholder collaboration activities for mangrove ecosystem rehabilitation; Baby Tree Program,mangrove rehabilitation or restoration; advocacy,https://www.goodnewsfromindonesia.id/2025/02/28/kegiatan-menanam-ratusan-pohon-bakau-oleh-mangrove-jakarta-community-dalam-rangka-hari-sampah-sedunia,https://kiprahagroforestri.id/wp-content/uploads/2025/11/yayasan_mangrove_indonesia_lestari_logo.jpg
Yayasan Mangrove Sosial Indonesia (YSMI),"Jl. Kramat Kwitang No.13, RT.1/RW.7, Kwitang, Kec. Senen, Kota Jakarta Pusat, Daerah Khusus Ibukota Jakarta 10420",-6.18001243,106.8404708,https://mangroveindonesia.or.id/our-project/,Seram Bagian Timur,Seram-Maluku: Replanting Damaged Mangroves,mangrove rehabilitation or restoration,https://greenindonesia.co/seram-maluku-tanam-kembali-mangrove-yang-rusak/,https://mangroveindonesia.or.id/wp-content/uploads/2024/04/logo-2024-baru.png
Yayasan Parapuar Lingko Nusantara,"Labuan Bajo, East Nusa Tenggara, Indonesia",-8.483793773,119.9010014,https://www.ypln.or.id/,Manggarai Barat,Mangrove Guardian Program,mangrove rehabilitation or restoration,https://www.ypln.or.id/?page_id=286,https://kiprahagroforestri.id/wp-content/uploads/2025/11/ypln.png
Yayasan Penyu Berau (YPB),"Jln. Murjani II Gang Anggrek Bulan, Kec. Tanjung Redeb, Kab. Berau 77315",1.249795631,118.7123978,https://yayasanpenyuberau.org/,Berau,Improving Mangrove-Based Ecotourism Management Effectively in Tembudan Village; Mangrove Potential Study in Tembudan Village,mangrove ecotourism; research,"https://yayasanpenyuberau.org/2021/05/17/ypb-dan-tfca-kalimantan-bermitra-dalam-program-pengelolaan-kawasan-hutan-mangrove-di-kampung-tembudan/;
https://yayasanpenyuberau.org/project-details/",https://kiprahagroforestri.id/wp-content/uploads/2025/11/ypln.png
Yayasan Pesisir Lestari,"Gg Merta Yoga, Dauh Puri, Denpasar Barat, Denpasar City, Bali 80232",-8.66235762,115.2145264,https://www.pesisirlestari.org/,"Indragili Hulu;
Bali",Climate Change Adaptation with New Livelihoods and Mangrove Rehabilitation: Lessons from Indragiri Hilir Coast; Good Energies Project,"mangrove rehabilitation or restoration; advocacy; 
institutional strengthening and human resource capacity building","https://www.pesisirlestari.org/pesisir-lestari-program;
https://blue-forests.org/id/adaptasi-perubahan-iklim-dengan-mata-pencaharian-baru-dan-rehabilitasi-mangrove-pembelajaran-dari-pesisir-indragiri-hilir/ruang-berita/cerita-dari-lapangan/;
https://blueventures.org/blue-ventures-and-yayasan-pesisir-lestari-a-new-partnership-to-restore-indonesias-seas/:
https://www.zonaterbang.id/read/2024/09/03/2529/desa-budeng-pesona-mangrove-bali",https://kiprahagroforestri.id/wp-content/uploads/2025/11/pesisir_lestari.png
Yayasan Rumah Bahari Gemilang (Rubalang),"5V2W+P5F, Unnamed Road, Tondo, East Palu, Kota Palu, Sulawesi Tengah 94111",-0.847504886,119.8953462,https://rubalang.or.id/,Donggala,World Ocean Day Commemoration,mangrove rehabilitation or restoration,https://rindang.id/2024/06/09/rubalang-dan-arkom-inisiasi-Penanaman-mangrove-di-pulau-pangalasiang/,https://kiprahagroforestri.id/wp-content/uploads/2025/11/yayasan_rumah_bahari_gemilang_rubalang_logo.jpg
Yayasan WWF Indonesia,"Graha Simatupang, Tower 2 Unit C Lantai 7, Daerah Khusus Ibukota, Jl. TB Simatupang No.11, Jakarta, Daerah Khusus Ibukota Jakarta 12540",-6.296335983,106.830111,https://www.wwf.id/id/search?combine=mangrove,Manggarai Barat,1000 Mangroves: A Concrete Step to Preserve the Ecosystem,mangrove rehabilitation or restoration; advocacy,https://www.wwf.id/en/blog/1000-mangrove-concrete-step-preserve-ecosystem,https://kiprahagroforestri.id/wp-content/uploads/2025/11/wwf.png
